{"cameraMode":{"drawMode":0,"name":"Shaded","section":"Shading Mode"},"sceneLighting":false,"audioPlay":false,"sceneViewState":{"m_AlwaysRefresh":false,"showFog":true,"showSkybox":false,"showFlares":true,"showImageEffects":true,"showParticleSystems":true,"showVisualEffectGraphs":true,"m_FxEnabled":true},"in2DMode":false,"pivot":{"x":11.747769355773926,"y":-0.9444141387939453,"z":-11.918708801269532},"rotation":{"x":0.02423730120062828,"y":0.9084358811378479,"z":-0.05320556089282036,"w":0.4138825535774231},"size":10.541744232177735,"orthographic":false}