{"cameraMode":{"drawMode":0,"name":"Shaded","section":"Shading Mode"},"sceneLighting":false,"audioPlay":false,"sceneViewState":{"m_AlwaysRefresh":false,"showFog":true,"showSkybox":false,"showFlares":true,"showImageEffects":true,"showParticleSystems":true,"showVisualEffectGraphs":true,"m_FxEnabled":true},"in2DMode":false,"pivot":{"x":-4.306455135345459,"y":-0.49590611457824709,"z":-15.05642318725586},"rotation":{"x":-0.008078175596892834,"y":0.9910905361175537,"z":-0.07148204743862152,"w":-0.11197017133235932},"size":16.24819564819336,"orthographic":false}