{"cameraMode":{"drawMode":0,"name":"Shaded","section":"Shading Mode"},"sceneLighting":false,"audioPlay":false,"sceneViewState":{"m_AlwaysRefresh":false,"showFog":true,"showSkybox":true,"showFlares":true,"showImageEffects":true,"showParticleSystems":true,"showVisualEffectGraphs":true,"m_FxEnabled":true},"in2DMode":false,"pivot":{"x":0.044130802154541019,"y":0.934009313583374,"z":-0.19986599683761598},"rotation":{"x":-0.13106834888458253,"y":-0.8003164529800415,"z":0.1895008385181427,"w":-0.5535416007041931},"size":4.326406955718994,"orthographic":true}