{"cameraMode":{"drawMode":0,"name":"Shaded","section":"Shading Mode"},"sceneLighting":false,"audioPlay":false,"sceneViewState":{"m_AlwaysRefresh":false,"showFog":true,"showSkybox":true,"showFlares":true,"showImageEffects":true,"showParticleSystems":true,"showVisualEffectGraphs":true,"m_FxEnabled":true},"in2DMode":false,"pivot":{"x":1009.6007690429688,"y":114.43667602539063,"z":22.4036865234375},"rotation":{"x":-0.22644110023975373,"y":-0.062198542058467868,"z":0.014490755274891854,"w":-0.971932053565979},"size":301.9931335449219,"orthographic":false}