{"cameraMode":{"drawMode":0,"name":"Shaded","section":"Shading Mode"},"sceneLighting":false,"audioPlay":false,"sceneViewState":{"m_AlwaysRefresh":false,"showFog":true,"showSkybox":true,"showFlares":true,"showImageEffects":true,"showParticleSystems":true,"showVisualEffectGraphs":true,"m_FxEnabled":true},"in2DMode":false,"pivot":{"x":-7.748868942260742,"y":-2.8460540771484377,"z":-4.3631134033203129},"rotation":{"x":0.025828007608652116,"y":-0.9739794135093689,"z":0.1696939915418625,"w":0.1480931043624878},"size":23.998416900634767,"orthographic":false}