{"cameraMode":{"drawMode":0,"name":"Shaded","section":"Shading Mode"},"sceneLighting":false,"audioPlay":false,"sceneViewState":{"m_AlwaysRefresh":false,"showFog":true,"showSkybox":true,"showFlares":true,"showImageEffects":true,"showParticleSystems":true,"showVisualEffectGraphs":true,"m_FxEnabled":true},"in2DMode":false,"pivot":{"x":390.3199768066406,"y":63.34407043457031,"z":330.0710144042969},"rotation":{"x":0.006926143076270819,"y":-0.9930465817451477,"z":0.08661375194787979,"w":0.07940948009490967},"size":3.6925082206726076,"orthographic":false}