{"cameraMode":{"drawMode":0,"name":"Shaded","section":"Shading Mode"},"sceneLighting":false,"audioPlay":false,"sceneViewState":{"m_AlwaysRefresh":false,"showFog":true,"showSkybox":false,"showFlares":true,"showImageEffects":true,"showParticleSystems":true,"showVisualEffectGraphs":true,"m_FxEnabled":true},"in2DMode":false,"pivot":{"x":359.80999755859377,"y":52.916648864746097,"z":441.30999755859377},"rotation":{"x":-0.1310630887746811,"y":0.0908806324005127,"z":-0.012061383575201035,"w":-0.9871203899383545},"size":6.026110649108887,"orthographic":true}