{"cameraMode":{"drawMode":0,"name":"Shaded","section":"Shading Mode"},"sceneLighting":false,"audioPlay":false,"sceneViewState":{"m_AlwaysRefresh":false,"showFog":true,"showSkybox":false,"showFlares":true,"showImageEffects":true,"showParticleSystems":true,"showVisualEffectGraphs":true,"m_FxEnabled":true},"in2DMode":false,"pivot":{"x":-3.569000244140625,"y":-0.32814931869506838,"z":3.6209347248077394},"rotation":{"x":0.17639374732971192,"y":-0.6416229009628296,"z":0.15495821833610536,"w":0.7302218675613403},"size":3.990527391433716,"orthographic":false}