{"cameraMode":{"drawMode":0,"name":"Shaded","section":"Shading Mode"},"sceneLighting":false,"audioPlay":false,"sceneViewState":{"m_AlwaysRefresh":false,"showFog":true,"showSkybox":false,"showFlares":true,"showImageEffects":true,"showParticleSystems":true,"showVisualEffectGraphs":true,"m_FxEnabled":true},"in2DMode":false,"pivot":{"x":-0.000026106834411621094,"y":2.3593666553497316,"z":-0.3190046548843384},"rotation":{"x":0.0036661243066191675,"y":-0.9892797470092773,"z":0.0252323467284441,"w":0.14374808967113496},"size":3.4824533462524416,"orthographic":false}