{"cameraMode":{"drawMode":0,"name":"Shaded","section":"Shading Mode"},"sceneLighting":false,"audioPlay":false,"sceneViewState":{"m_AlwaysRefresh":false,"showFog":true,"showSkybox":false,"showFlares":true,"showImageEffects":true,"showParticleSystems":true,"showVisualEffectGraphs":true,"m_FxEnabled":true},"in2DMode":false,"pivot":{"x":1.2809958457946778,"y":-2.6073720455169679,"z":0.9298007488250732},"rotation":{"x":-0.11436883360147476,"y":0.8856092095375061,"z":-0.3215772211551666,"w":-0.31496673822402956},"size":3.2321012020111086,"orthographic":false}