{"cameraMode":{"drawMode":0,"name":"Shaded","section":"Shading Mode"},"sceneLighting":false,"audioPlay":false,"sceneViewState":{"m_AlwaysRefresh":false,"showFog":true,"showSkybox":false,"showFlares":true,"showImageEffects":true,"showParticleSystems":true,"showVisualEffectGraphs":true,"m_FxEnabled":true},"in2DMode":false,"pivot":{"x":-0.0019750595092773439,"y":1.3918614387512208,"z":3.7520809173583986},"rotation":{"x":-0.3493979871273041,"y":-0.14504976570606233,"z":0.05484948307275772,"w":-0.9240498542785645},"size":25.598386764526368,"orthographic":false}